{
    "configuration": {
        "elasticsearch": false,
        "redis": false
    },
    "data": [
        {
            "generators": 1,
            "cpu": 21.0,
            "memory": 66.33333333333333,
            "network": 16058762.293333333,
            "disk": 8714731.52,
            "messages": 1010.10101010101
        },
        {
            "generators": 2,
            "cpu": 30.0,
            "memory": 77.66666666666667,
            "network": 32796601.906666666,
            "disk": 13687384.746666666,
            "messages": 2159.0767676767673
        },
        {
            "generators": 3,
            "cpu": 46.0,
            "memory": 94.66666666666667,
            "network": 50691416.25333333,
            "disk": 20994703.36,
            "messages": 3153.4565656565655
        },
        {
            "generators": 4,
            "cpu": 63.333333333333336,
            "memory": 87.66666666666667,
            "network": 43442744.131968126,
            "disk": 27437493.89770341,
            "messages": 2557.0047050219896
        }
    ]
}