{
    "configuration": {
        "redis": false
    },
    "data": [
        {
            "generators": 1,
            "cpu": 51,
            "memory": 50,
            "network": 3329056.193333333,
            "disk": 1263670.6133333333,
            "messages1m": 171.67811187412497,
            "messages2m": 152.33333333333334,
            "messages3m": 165.14545454545453
        },
        {
            "generators": 2,
            "cpu": 77,
            "memory": 67,
            "network": 6367601.56,
            "disk": 1628842.6666666667,
            "messages1m": 228.93576746149915,
            "messages2m": 251.77142857142854,
            "messages3m": 272.83714920586294
        },
        {
            "generators": 3,
            "cpu": 90,
            "memory": 82,
            "network": 5914971.9664797755,
            "disk": 1664052.053680358,
            "messages1m": 227.26191736703325,
            "messages2m": 234.82934975875742,
            "messages3m": 268.0921321918995
        }
    ]
}
