{
    "configuration": {
        "redis": false
    },
    "data": [
        {
            "generators": 1,
            "cpu": 36.0,
            "memory": 38.0,
            "network": 8314724.100000001,
            "disk": 11448893.44,
            "messages": 1414.141414141414
        },
        {
            "generators": 2,
            "cpu": 74.0,
            "memory": 50.0,
            "network": 15881978.586523911,
            "disk": 23440362.77575184,
            "messages": 2828.299969494765
        },
        {
            "generators": 3,
            "cpu": 98.0,
            "memory": 62.0,
            "network": 20078917.83059436,
            "disk": 24953499.943331446,
            "messages": 3434.364248672214
        },
        {
            "generators": 4,
            "cpu": 99.0,
            "memory": 62.0,
            "network": 20924421.815321647,
            "disk": 26243717.403331492,
            "messages": 3026.155714075035
        }
    ]
}