{
    "configuration": {
        "redis": true
    },
    "data": [
        {
            "generators": 1,
            "cpu": 55,
            "memory": 56,
            "network": 6956958.380000001,
            "disk": 2414318.933333333,
            "messages1m": 160.11111111111111,
            "messages2m": 169.9904761904762,
            "messages3m": 167.16969696969696
        },
        {
            "generators": 2,
            "cpu": 75,
            "memory": 71,
            "network": 7228672.662182253,
            "disk": 3300616.7158885603,
            "messages1m": 249.6222222222222,
            "messages2m": 226.70686171800097,
            "messages3m": 195.3036442645107
        },
        {
            "generators": 3,
            "cpu": 92,
            "memory": 85,
            "network": 4959080.699999999,
            "disk": 3225272.3200000003,
            "messages1m": 161.15663272365828,
            "messages2m": 173.92317810923961,
            "messages3m": 177.41209616595754
        }
    ]
}
