{
    "configuration": {
        "elasticsearch": true,
        "redis": false
    },
    "data": [
        {
            "generators": 1,
            "cpu": 33.333333333333336,
            "memory": 31.333333333333332,
            "network": 12782653.587535555,
            "disk": 4020911.255139333,
            "messages": 796.6399540123457
        },
        {
            "generators": 2,
            "cpu": 65.33333333333333,
            "memory": 43.666666666666664,
            "network": 34174681.172681615,
            "disk": 11425085.933435995,
            "messages": 1818.181818181818
        },
        {
            "generators": 3,
            "cpu": 76.66666666666667,
            "memory": 51.0,
            "network": 23687420.66876264,
            "disk": 8139192.867875986,
            "messages": 1429.0086606585494
        }
    ]
}