{
    "configuration": {
        "elasticsearch": true,
        "redis": false
    },
    "data": [
        {
            "generators": 1,
            "cpu": 57.333333333333336,
            "memory": 60.0,
            "network": 7640972.684072718,
            "disk": 2497888.8780188877,
            "messages": 346.41010101010096
        },
        {
            "generators": 2,
            "cpu": 63.0,
            "memory": 68.0,
            "network": 11603445.429970866,
            "disk": 3830033.5956382975,
            "messages": 592.634792112371
        },
        {
            "generators": 3,
            "cpu": 106.0,
            "memory": 74.66666666666667,
            "network": 16277044.281287564,
            "disk": 6386467.78257969,
            "messages": 909.5356207799367
        },
        {
            "generators": 4,
            "cpu": 103.0,
            "memory": 80.33333333333333,
            "network": 15044615.939459968,
            "disk": 6244996.22432491,
            "messages": 898.380390112621
        }
    ]
}