{
    "configuration": {
        "redis": true
    },
    "data": [
        {
            "generators": 1,
            "cpu": 39.0,
            "memory": 32.666666666666664,
            "network": 16542331.466666667,
            "disk": 5460404.906666666,
            "messages": 962.1858585858585
        },
        {
            "generators": 2,
            "cpu": 68.33333333333333,
            "memory": 43.333333333333336,
            "network": 32869359.04379364,
            "disk": 9815599.786666665,
            "messages": 1954.8585858585857
        },
        {
            "generators": 3,
            "cpu": 91.0,
            "memory": 51.666666666666664,
            "network": 48741857.84739181,
            "disk": 17528164.39342449,
            "messages": 2525.061304957319
        },
        {
            "generators": 4,
            "cpu": 97.33333333333333,
            "memory": 70.0,
            "network": 23768911.128381345,
            "disk": 11573021.55395205,
            "messages": 1266.6707067034313
        }
    ]
}