{
    "configuration": {
        "redis": false
    },
    "data": [
        {
            "generators": 1,
            "cpu": 38.666666666666664,
            "memory": 25.333333333333332,
            "network": 6789742.418034444,
            "disk": 1609636.6637511111,
            "messages": 451.2921810699589
        },
        {
            "generators": 2,
            "cpu": 52.666666666666664,
            "memory": 39.0,
            "network": 36113687.60666666,
            "disk": 11943226.026666667,
            "messages": 2222.222222222222
        },
        {
            "generators": 3,
            "cpu": 97.0,
            "memory": 55.666666666666664,
            "network": 39152143.07470931,
            "disk": 14095222.053244106,
            "messages": 2135.611525179664
        }
    ]
}