{
    "configuration": {
        "redis": false
    },
    "data": [
        {
            "generators": 1,
            "cpu": 44.33330,
            "memory": 34,
            "network": 4417720.360055913,
            "disk": 570983.6967112225,
            "messages1m": 69.88888888888889,
            "messages2m": 63.86666666666667,
            "messages3m": 44.903387083333335
        },
        {
            "generators": 2,
            "cpu": 64.33327,
            "memory": 41.6667,
            "network": 8752603.913518345,
            "disk": 751210.0124249957,
            "messages1m": 144.30928523321327,
            "messages2m": 140.69361909387624,
            "messages3m": 138.70804145158792
        },
        {
            "generators": 3,
            "cpu": 81.3333,
            "memory": 49.3334,
            "network": 11441424.02502768,
            "disk": 917096.3770158468,
            "messages1m": 194.75555555555553,
            "messages2m": 193.7430236864546,
            "messages3m": 186.98324474744305
        },
        {
            "generators": 4,
            "cpu": 95.3333,
            "memory": 56.6666,
            "network": 9690464.339952843,
            "disk": 873590.9311182369,
            "messages1m": 183.11031226944948,
            "messages2m": 174.55134326672078,
            "messages3m": 169.67912882991988
        }
    ]
}