{
    "configuration": {
        "elasticsearch": true,
        "redis": false
    },
    "data": [
        {
            "generators": 1,
            "cpu": 47.0,
            "memory": 56.666666666666664,
            "network": 8228907.933333333,
            "disk": 2809473.706666666,
            "messages": 248.6374232856179
        },
        {
            "generators": 2,
            "cpu": 75.66666666666667,
            "memory": 70.33333333333333,
            "network": 20303836.67746881,
            "disk": 8896648.533333331,
            "messages": 1074.7221531940513
        },
        {
            "generators": 3,
            "cpu": 103.0,
            "memory": 75.33333333333333,
            "network": 18197143.633388057,
            "disk": 6774538.207249917,
            "messages": 830.4788224789195
        }
    ]
}