{
    "configuration": {
        "elasticsearch": true,
        "redis": false
    },
    "data": [
        {
            "generators": 1,
            "cpu": 35.333333333333336,
            "memory": 34.0,
            "network": 12409664.970896557,
            "disk": 3664433.509978911,
            "messages": 633.6969696969696
        },
        {
            "generators": 2,
            "cpu": 51.666666666666664,
            "memory": 41.666666666666664,
            "network": 34899092.33333333,
            "disk": 11482344.106666666,
            "messages": 2020.20202020202
        },
        {
            "generators": 3,
            "cpu": 68.66666666666667,
            "memory": 50.666666666666664,
            "network": 24846854.9421963,
            "disk": 7860831.769363899,
            "messages": 1423.749494949495
        }
    ]
}