{
    "configuration": {
        "redis": true
    },
    "data": [
        {
            "generators": 1,
            "cpu": 46.66663,
            "memory": 35.99993,
            "network": 8903000.39175208,
            "disk": 1276207.1284123226,
            "messages1m": 85.02222222222221,
            "messages2m": 82,
            "messages3m": 78.61818181818181
        },
        {
            "generators": 2,
            "cpu": 66.3333,
            "memory": 43.6667,
            "network": 13489568.675644105,
            "disk": 2244607.8509707535,
            "messages1m": 137.86666666666667,
            "messages2m": 135.1142857142857,
            "messages3m": 130.21818181818182
        },
        {
            "generators": 3,
            "cpu": 83.3334,
            "memory": 52.0001,
            "network": 14631209.661335303,
            "disk": 3281520.873432981,
            "messages1m": 162.73694970999355,
            "messages2m": 155.21998712912912,
            "messages3m": 153.55208187671292
        },
        {
            "generators": 4,
            "cpu": 80.6667,
            "memory": 59.0000,
            "network": 13522145.188192384,
            "disk": 2467179.8031113567,
            "messages1m": 193.55600445441996,
            "messages2m": 200.16270857908395,
            "messages3m": 196.15180161789777
        }
    ]
}