{
    "configuration": {
        "redis": false
    },
    "data": [
        {
            "generators": 1,
            "cpu": 34.0,
            "memory": 77.0,
            "network": 19028070.553333323,
            "disk": 6342382.933333333,
            "messages": 1212.121212121212
        },
        {
            "generators": 2,
            "cpu": 59.333333333333336,
            "memory": 85.0,
            "network": 29080168.939999998,
            "disk": 13149716.479999997,
            "messages": 1659.1050505050505
        },
        {
            "generators": 3,
            "cpu": 87.33333333333333,
            "memory": 92.0,
            "network": 39737768.89487404,
            "disk": 19068691.64872234,
            "messages": 1981.579564001875
        },
        {
            "generators": 4,
            "cpu": 100.33333333333333,
            "memory": 93.33333333333333,
            "network": 35945976.38846311,
            "disk": 16182086.298701473,
            "messages": 1725.9454545454544
        }
    ]
}