{
    "configuration": {
        "elasticsearch": true,
        "redis": false
    },
    "data": [
        {
            "generators": 1,
            "cpu": 42.333333333333336,
            "memory": 59.333333333333336,
            "network": 6504078.416218521,
            "disk": 2358149.1199999996,
            "messages": 193.1323762962963
        },
        {
            "generators": 2,
            "cpu": 70.0,
            "memory": 67.33333333333333,
            "network": 9708220.490773188,
            "disk": 3654163.341691266,
            "messages": 517.6984214061428
        },
        {
            "generators": 3,
            "cpu": 102.66666666666667,
            "memory": 72.33333333333333,
            "network": 8142218.285686583,
            "disk": 4358372.979678095,
            "messages": -1
        }
    ]
}