{
    "configuration": {
        "redis": false
    },
    "data": [
        {
            "generators": 1,
            "cpu": 28.666666666666668,
            "memory": 31.666666666666668,
            "network": 16224581.256850226,
            "disk": 5238429.013333333,
            "messages": 253.40669251028802
        },
        {
            "generators": 2,
            "cpu": 45.666666666666664,
            "memory": 41.666666666666664,
            "network": 29989046.006666664,
            "disk": 12980879.36,
            "messages": 1810.9393939393938
        },
        {
            "generators": 3,
            "cpu": 75.0,
            "memory": 51.666666666666664,
            "network": 47044732.480000004,
            "disk": 19122804.05333333,
            "messages": 2860.1742594579086
        },
        {
            "generators": 4,
            "cpu": 86.66666666666667,
            "memory": 65.0,
            "network": 37530791.03404476,
            "disk": 18608899.033502664,
            "messages": 2197.6335210112384
        }
    ]
}