{
    "configuration": {
        "redis": false
    },
    "data": [
        {
            "generators": 1,
            "cpu": 40,
            "memory": 38.333333333333336,
            "network": 6768029.855368916,
            "disk": 572978.6761146148,
            "messages2m": 107.01904761904761
        },
        {
            "generators": 2,
            "cpu": 59.666666666666664,
            "memory": 46,
            "network": 10916096.280169776,
            "disk": 799646.8099407337,
            "messages2m": 164.57142857142856
        },
        {
            "generators": 3,
            "cpu": 77.33333333333333,
            "memory": 53,
            "network": 15038338.680000002,
            "disk": 1022170.4533333334,
            "messages2m": 247.74285714285716
        },
        {
            "generators": 4,
            "cpu": 79.66666666666667,
            "memory": 60.333333333333336,
            "network": 13310230.179999998,
            "disk": 1093850.4533333331,
            "messages2m": 232.63809523809522
        }
    ]
}