{
    "configuration": {
        "elasticsearch": false,
        "redis": false
    },
    "data": [
        {
            "generators": 1,
            "cpu": 33.666666666666664,
            "memory": 31.0,
            "network": 13410993.618472222,
            "disk": 3929292.8,
            "messages": 706.4664254560074
        },
        {
            "generators": 2,
            "cpu": 64.0,
            "memory": 43.0,
            "network": 34514325.286697686,
            "disk": 11574206.024893522,
            "messages": 2020.1897766276163
        },
        {
            "generators": 3,
            "cpu": 69.66666666666667,
            "memory": 54.333333333333336,
            "network": 49266545.6290895,
            "disk": 17539802.411690943,
            "messages": 3216.7030303030297
        },
        {
            "generators": 4,
            "cpu": 94.66666666666667,
            "memory": 66.33333333333333,
            "network": 30485976.882971622,
            "disk": 13504708.695517145,
            "messages": 1706.2083204544674
        }
    ]
}