{
    "configuration": {
        "elasticsearch": false,
        "redis": false
    },
    "data": [
        {
            "generators": 1,
            "cpu": 11.0,
            "memory": 19.333333333333332,
            "network": 20103553.71333334,
            "disk": 6568618.666666666,
            "messages": 1212.121212121212
        },
        {
            "generators": 2,
            "cpu": 15.833333333333334,
            "memory": 22.5,
            "network": 36789796.46301685,
            "disk": 11636523.755064521,
            "messages": 2222.222222222222
        },
        {
            "generators": 3,
            "cpu": 28.833333333333332,
            "memory": 28.166666666666668,
            "network": 50054868.13333334,
            "disk": 17783275.52,
            "messages": 3039.2686868686865
        },
        {
            "generators": 4,
            "cpu": 55.333333333333336,
            "memory": 34.166666666666664,
            "network": 50683107.648397386,
            "disk": 21399784.294779934,
            "messages": 2724.9474747474746
        }
    ]
}